city,year,born_popularity
city1,2007.0,258.0
city1,2008.0,258.0
city1,2009.0,259.0
city1,2010.0,259.0
city1,2011.0,260.0
city1,2012.0,261.0
city1,2013.0,261.0
city1,2014.0,262.0
city1,2015.0,264.0
city1,2016.0,264.0
city1,2017.0,265.0
city1,2018.0,266.0
city1,2019.0,267.0
city1,2020.0,268.0
city10,2007.0,253.0
city10,2008.0,254.0
city10,2009.0,255.0
city10,2010.0,257.0
city10,2011.0,260.0
city10,2012.0,261.0
city10,2013.0,263.0
city10,2014.0,264.0
city10,2015.0,266.0
city10,2016.0,266.0
city10,2017.0,268.0
city10,2018.0,269.0
city10,2019.0,270.0
city10,2020.0,271.0
city11,2007.0,336.0
city11,2008.0,337.0
city11,2009.0,338.0
city11,2010.0,340.0
city11,2011.0,342.0
city11,2012.0,343.0
city11,2013.0,345.0
city11,2014.0,346.0
city11,2015.0,348.0
city11,2016.0,349.0
city11,2017.0,352.0
city11,2018.0,356.0
city11,2019.0,360.0
city11,2020.0,364.0
city12,2007.0,504.0
city12,2008.0,501.0
city12,2009.0,501.0
city12,2010.0,504.0
city12,2011.0,505.0
city12,2012.0,507.0
city12,2013.0,506.0
city12,2014.0,508.0
city12,2015.0,509.0
city12,2016.0,508.0
city12,2017.0,508.0
city12,2018.0,505.0
city12,2019.0,503.0
city12,2020.0,501.0
city13,2007.0,529.0
city13,2008.0,532.0
city13,2009.0,535.0
city13,2010.0,541.0
city13,2011.0,546.0
city13,2012.0,555.0
city13,2013.0,560.0
city13,2014.0,572.0
city13,2015.0,581.0
city13,2016.0,586.0
city13,2017.0,592.0
city13,2018.0,591.0
city13,2019.0,591.0
city13,2020.0,592.0
city14,2002.0,325.0
city14,2003.0,332.0
city14,2004.0,334.0
city14,2005.0,333.0
city14,2006.0,337.0
city14,2007.0,341.0
city14,2008.0,335.0
city14,2009.0,347.0
city14,2010.0,349.0
city14,2011.0,358.0
city14,2012.0,367.0
city14,2013.0,355.0
city14,2014.0,361.0
city14,2015.0,365.0
city14,2016.0,366.0
city14,2017.0,373.0
city14,2018.0,373.0
city14,2019.0,373.0
city14,2020.0,373.0
city15,2008.0,940.0
city15,2009.0,945.0
city15,2010.0,955.0
city15,2011.0,970.0
city15,2012.0,975.0
city15,2013.0,990.0
city15,2014.0,1005.0
city15,2015.0,1025.0
city15,2016.0,1030.0
city15,2017.0,1040.0
city15,2018.0,1040.0
city15,2019.0,1045.0
city15,2020.0,1040.0
city16,2002.0,310.0
city16,2003.0,315.0
city16,2004.0,315.0
city16,2005.0,315.0
city16,2006.0,320.0
city16,2007.0,320.0
city16,2008.0,320.0
city16,2009.0,320.0
city16,2010.0,325.0
city16,2011.0,325.0
city16,2012.0,330.0
city16,2013.0,325.0
city16,2014.0,325.0
city16,2015.0,330.0
city16,2016.0,330.0
city16,2017.0,335.0
city16,2018.0,335.0
city16,2019.0,335.0
city16,2020.0,335.0
city17,2002.0,710.0
city17,2003.0,720.0
city17,2004.0,720.0
city17,2005.0,735.0
city17,2006.0,750.0
city17,2007.0,760.0
city17,2008.0,770.0
city17,2009.0,780.0
city17,2010.0,790.0
city17,2011.0,805.0
city17,2012.0,810.0
city17,2013.0,820.0
city17,2014.0,830.0
city17,2015.0,840.0
city17,2016.0,850.0
city17,2017.0,865.0
city17,2018.0,895.0
city17,2019.0,925.0
city17,2020.0,950.0
city18,2008.0,355.0
city18,2009.0,360.0
city18,2010.0,360.0
city18,2011.0,360.0
city18,2012.0,360.0
city18,2013.0,365.0
city18,2014.0,365.0
city18,2015.0,370.0
city18,2016.0,370.0
city18,2017.0,375.0
city18,2018.0,380.0
city18,2019.0,380.0
city18,2020.0,385.0
city19,2007.0,455.0
city19,2008.0,460.0
city19,2009.0,460.0
city19,2010.0,465.0
city19,2011.0,465.0
city19,2012.0,470.0
city19,2013.0,470.0
city19,2014.0,470.0
city19,2015.0,475.0
city19,2016.0,475.0
city19,2017.0,480.0
city19,2018.0,485.0
city19,2019.0,490.0
city19,2020.0,490.0
city2,2007.0,458.0
city2,2008.0,462.0
city2,2009.0,464.0
city2,2010.0,466.0
city2,2011.0,467.0
city2,2012.0,468.0
city2,2013.0,470.0
city2,2014.0,472.0
city2,2015.0,477.0
city2,2016.0,481.0
city2,2017.0,486.0
city2,2018.0,493.0
city2,2019.0,497.0
city2,2020.0,503.0
city20,2007.0,245.0
city20,2008.0,245.0
city20,2009.0,250.0
city20,2010.0,250.0
city20,2011.0,250.0
city20,2012.0,250.0
city20,2013.0,250.0
city20,2014.0,255.0
city20,2015.0,255.0
city20,2016.0,255.0
city20,2017.0,255.0
city20,2018.0,255.0
city20,2019.0,255.0
city20,2020.0,255.0
city21,2007.0,666.0
city21,2008.0,672.0
city21,2009.0,678.0
city21,2010.0,683.0
city21,2011.0,689.0
city21,2012.0,696.0
city21,2013.0,701.0
city21,2014.0,707.0
city21,2015.0,716.0
city21,2016.0,724.0
city21,2017.0,736.0
city21,2018.0,754.0
city21,2019.0,774.0
city21,2020.0,794.0
city22,2007.0,607.0
city22,2008.0,617.0
city22,2009.0,624.0
city22,2010.0,630.0
city22,2011.0,632.0
city22,2012.0,636.0
city22,2013.0,638.0
city22,2014.0,643.0
city22,2015.0,649.0
city22,2016.0,653.0
city22,2017.0,663.0
city22,2018.0,681.0
city22,2019.0,697.0
city22,2020.0,710.0
city23,2002.0,76.0
city23,2003.0,79.0
city23,2004.0,82.0
city23,2005.0,86.0
city23,2006.0,90.0
city23,2007.0,93.0
city23,2008.0,96.0
city23,2009.0,99.0
city23,2010.0,103.0
city23,2011.0,105.0
city23,2012.0,106.0
city23,2013.0,107.0
city23,2014.0,109.0
city23,2015.0,110.0
city23,2016.0,112.0
city23,2017.0,115.0
city23,2018.0,119.0
city23,2019.0,127.0
city23,2020.0,133.0
city24,2002.0,569.0
city24,2003.0,575.0
city24,2004.0,583.0
city24,2005.0,590.0
city24,2006.0,597.0
city24,2007.0,603.0
city24,2008.0,605.0
city24,2009.0,604.0
city24,2010.0,603.0
city24,2011.0,604.0
city24,2012.0,607.0
city24,2013.0,609.0
city24,2014.0,613.0
city24,2015.0,622.0
city24,2016.0,626.0
city24,2017.0,633.0
city24,2018.0,644.0
city24,2019.0,656.0
city24,2020.0,797.0
city25,2007.0,560.0
city25,2008.0,565.0
city25,2009.0,568.0
city25,2010.0,571.0
city25,2011.0,574.0
city25,2012.0,576.0
city25,2013.0,578.0
city25,2014.0,580.0
city25,2015.0,584.0
city25,2016.0,587.0
city25,2017.0,591.0
city25,2018.0,597.0
city25,2019.0,603.0
city25,2020.0,608.0
city26,2007.0,770.0
city26,2008.0,766.0
city26,2009.0,764.0
city26,2010.0,763.0
city26,2011.0,763.0
city26,2012.0,765.0
city26,2013.0,765.0
city26,2014.0,767.0
city26,2015.0,768.0
city26,2016.0,767.0
city26,2017.0,767.0
city26,2018.0,764.0
city26,2019.0,763.0
city26,2020.0,760.0
city27,2002.0,462.0
city27,2003.0,480.0
city27,2004.0,485.0
city27,2005.0,488.0
city27,2006.0,491.0
city27,2007.0,495.0
city27,2008.0,501.0
city27,2009.0,507.0
city27,2010.0,511.0
city27,2011.0,524.0
city27,2012.0,529.0
city27,2013.0,533.0
city27,2014.0,540.0
city27,2015.0,547.0
city27,2016.0,550.0
city27,2017.0,559.0
city27,2018.0,565.0
city27,2019.0,569.0
city27,2020.0,572.0
city28,2002.0,710.0
city28,2003.0,716.0
city28,2004.0,721.0
city28,2005.0,731.0
city28,2006.0,741.0
city28,2007.0,749.0
city28,2008.0,758.0
city28,2009.0,762.0
city28,2010.0,763.0
city28,2011.0,764.0
city28,2012.0,766.0
city28,2013.0,770.0
city28,2014.0,774.0
city28,2015.0,781.0
city28,2016.0,783.0
city28,2017.0,791.0
city28,2018.0,803.0
city28,2019.0,818.0
city28,2020.0,831.0
city29,2007.0,565.0
city29,2008.0,569.0
city29,2009.0,574.0
city29,2010.0,578.0
city29,2011.0,583.0
city29,2012.0,587.0
city29,2013.0,591.0
city29,2014.0,594.0
city29,2015.0,597.0
city29,2016.0,597.0
city29,2017.0,600.0
city29,2018.0,604.0
city29,2019.0,605.0
city29,2020.0,606.0
city3,2002.0,132.0
city3,2003.0,139.0
city3,2004.0,151.0
city3,2005.0,165.0
city3,2006.0,182.0
city3,2007.0,197.0
city3,2008.0,212.0
city3,2009.0,228.0
city3,2010.0,241.0
city3,2011.0,251.0
city3,2012.0,268.0
city3,2013.0,288.0
city3,2014.0,310.0
city3,2015.0,332.0
city3,2016.0,355.0
city3,2017.0,385.0
city3,2018.0,435.0
city3,2019.0,455.0
city3,2020.0,495.0
city30,2007.0,479.0
city30,2008.0,482.0
city30,2009.0,488.0
city30,2010.0,491.0
city30,2011.0,498.0
city30,2012.0,505.0
city30,2013.0,511.0
city30,2014.0,520.0
city30,2015.0,527.0
city30,2016.0,531.0
city30,2017.0,534.0
city30,2018.0,533.0
city30,2019.0,534.0
city30,2020.0,534.0
city31,2002.0,381.0
city31,2003.0,381.0
city31,2004.0,382.0
city31,2005.0,386.0
city31,2006.0,386.0
city31,2007.0,387.0
city31,2008.0,388.0
city31,2009.0,390.0
city31,2010.0,392.0
city31,2011.0,392.0
city31,2012.0,394.0
city31,2013.0,392.0
city31,2014.0,393.0
city31,2015.0,393.0
city31,2016.0,391.0
city31,2017.0,394.0
city31,2018.0,396.0
city31,2019.0,399.0
city31,2020.0,400.0
city32,2002.0,410.0
city32,2003.0,412.0
city32,2004.0,413.0
city32,2005.0,415.0
city32,2006.0,417.0
city32,2007.0,418.0
city32,2008.0,420.0
city32,2009.0,421.0
city32,2010.0,421.0
city32,2011.0,422.0
city32,2012.0,424.0
city32,2013.0,424.0
city32,2014.0,425.0
city32,2015.0,428.0
city32,2016.0,430.0
city32,2017.0,432.0
city32,2018.0,433.0
city32,2019.0,434.0
city32,2020.0,435.0
city33,2007.0,756.0
city33,2008.0,765.0
city33,2009.0,772.0
city33,2010.0,779.0
city33,2011.0,787.0
city33,2012.0,798.0
city33,2013.0,800.0
city33,2014.0,807.0
city33,2015.0,814.0
city33,2016.0,811.0
city33,2017.0,818.0
city33,2018.0,825.0
city33,2019.0,829.0
city33,2020.0,832.0
city34,2007.0,805.0
city34,2008.0,810.0
city34,2009.0,812.0
city34,2010.0,812.0
city34,2011.0,816.0
city34,2012.0,821.0
city34,2013.0,822.0
city34,2014.0,824.0
city34,2015.0,829.0
city34,2016.0,828.0
city34,2017.0,831.0
city34,2018.0,826.0
city34,2019.0,825.0
city34,2020.0,821.0
city35,2002.0,701.0
city35,2003.0,707.0
city35,2004.0,714.0
city35,2005.0,716.0
city35,2006.0,718.0
city35,2007.0,737.0
city35,2008.0,745.0
city35,2009.0,754.0
city35,2010.0,763.0
city35,2011.0,778.0
city35,2012.0,792.0
city35,2013.0,785.0
city35,2014.0,804.0
city35,2015.0,819.0
city35,2016.0,823.0
city35,2017.0,835.0
city35,2018.0,839.0
city35,2019.0,848.0
city35,2020.0,854.0
city36,2002.0,360.0
city36,2003.0,362.0
city36,2004.0,364.0
city36,2005.0,365.0
city36,2006.0,367.0
city36,2007.0,372.0
city36,2008.0,380.0
city36,2009.0,383.0
city36,2010.0,387.0
city36,2011.0,391.0
city36,2012.0,394.0
city36,2013.0,395.0
city36,2014.0,396.0
city36,2015.0,401.0
city36,2016.0,408.0
city36,2017.0,413.0
city36,2018.0,418.0
city36,2019.0,423.0
city36,2020.0,425.0
city37,2007.0,459.0
city37,2008.0,459.0
city37,2009.0,460.0
city37,2010.0,459.0
city37,2011.0,459.0
city37,2012.0,460.0
city37,2013.0,458.0
city37,2014.0,460.0
city37,2015.0,461.0
city37,2016.0,461.0
city37,2017.0,462.0
city37,2018.0,460.0
city37,2019.0,459.0
city37,2020.0,457.0
city38,2002.0,389.0
city38,2003.0,391.0
city38,2004.0,393.0
city38,2005.0,394.0
city38,2006.0,396.0
city38,2007.0,405.0
city38,2008.0,408.0
city38,2009.0,410.0
city38,2010.0,414.0
city38,2011.0,422.0
city38,2012.0,427.0
city38,2013.0,428.0
city38,2014.0,430.0
city38,2015.0,434.0
city38,2016.0,438.0
city38,2017.0,444.0
city38,2018.0,446.0
city38,2019.0,450.0
city38,2020.0,454.0
city39,2002.0,174.0
city39,2003.0,175.0
city39,2004.0,177.0
city39,2005.0,179.0
city39,2006.0,181.0
city39,2007.0,182.0
city39,2008.0,183.0
city39,2009.0,184.0
city39,2010.0,185.0
city39,2011.0,185.0
city39,2012.0,186.0
city39,2013.0,186.0
city39,2014.0,187.0
city39,2015.0,189.0
city39,2016.0,191.0
city39,2017.0,193.0
city39,2018.0,195.0
city39,2019.0,197.0
city39,2020.0,198.0
city4,2007.0,97.0
city4,2008.0,97.0
city4,2009.0,97.0
city4,2010.0,97.0
city4,2011.0,97.0
city4,2012.0,97.0
city4,2013.0,97.0
city4,2014.0,97.0
city4,2015.0,97.0
city4,2016.0,97.0
city4,2017.0,97.0
city4,2018.0,97.0
city4,2019.0,97.0
city4,2020.0,97.0
city40,2007.0,269.0
city40,2008.0,269.0
city40,2009.0,269.0
city40,2010.0,270.0
city40,2011.0,271.0
city40,2012.0,272.0
city40,2013.0,271.0
city40,2014.0,272.0
city40,2015.0,272.0
city40,2016.0,272.0
city40,2017.0,272.0
city40,2018.0,271.0
city40,2019.0,271.0
city40,2020.0,270.0
city5,2007.0,616.0
city5,2008.0,624.0
city5,2009.0,630.0
city5,2010.0,633.0
city5,2011.0,638.0
city5,2012.0,642.0
city5,2013.0,648.0
city5,2014.0,654.0
city5,2015.0,661.0
city5,2016.0,667.0
city5,2017.0,678.0
city5,2018.0,691.0
city5,2019.0,704.0
city5,2020.0,723.0
city6,2002.0,336.0
city6,2003.0,339.0
city6,2004.0,344.0
city6,2005.0,351.0
city6,2006.0,354.0
city6,2007.0,358.0
city6,2008.0,361.0
city6,2009.0,364.0
city6,2010.0,368.0
city6,2011.0,371.0
city6,2012.0,375.0
city6,2013.0,378.0
city6,2014.0,382.0
city6,2015.0,386.0
city6,2016.0,389.0
city6,2017.0,400.0
city6,2018.0,420.0
city6,2019.0,437.0
city6,2020.0,461.0
city7,2007.0,436.0
city7,2008.0,436.0
city7,2009.0,437.0
city7,2010.0,438.0
city7,2011.0,439.0
city7,2012.0,440.0
city7,2013.0,441.0
city7,2014.0,442.0
city7,2015.0,443.0
city7,2016.0,443.0
city7,2017.0,445.0
city7,2018.0,446.0
city7,2019.0,447.0
city7,2020.0,448.0
city8,2007.0,533.0
city8,2008.0,534.0
city8,2009.0,537.0
city8,2010.0,534.0
city8,2011.0,539.0
city8,2012.0,543.0
city8,2013.0,547.0
city8,2014.0,553.0
city8,2015.0,560.0
city8,2016.0,564.0
city8,2017.0,568.0
city8,2018.0,561.0
city8,2019.0,561.0
city8,2020.0,560.0
city9,2002.0,655.0
city9,2003.0,661.0
city9,2004.0,668.0
city9,2005.0,671.0
city9,2006.0,679.0
city9,2007.0,702.0
city9,2008.0,716.0
city9,2009.0,726.0
city9,2010.0,735.0
city9,2011.0,747.0
city9,2012.0,761.0
city9,2013.0,749.0
city9,2014.0,758.0
city9,2015.0,772.0
city9,2016.0,786.0
city9,2017.0,799.0
city9,2018.0,804.0
city9,2019.0,811.0
city9,2020.0,818.0
